word,n,sentiment,new_df_select_category1
說,3044,negative,zg
會,1759,positive,v
會,1759,positive,v
好,1640,positive,a
對,1219,positive,p
朋友,1187,positive,n
到,1077,positive,v
和,817,positive,c
著,723,positive,n
不是,651,negative,c
希望,626,positive,v
事情,557,negative,n
不會,546,negative,v
其實,530,positive,d
上,516,positive,f
喜歡,506,positive,v
難過,463,negative,v
能,445,positive,v
可能,411,positive,v
很多,396,positive,m
愛,389,positive,zg
問題,379,negative,n
無法,354,negative,n
努力,333,positive,ad
中,329,positive,f
發現,319,positive,v
好好,313,positive,d
需要,291,positive,v
謝謝,281,positive,nr
總是,268,negative,c
開心,256,positive,v
突然,255,negative,ad
用,251,positive,p
吵架,245,negative,v
願意,241,positive,v
一定,236,positive,d
分開,230,negative,v
離開,226,negative,v
東西,222,negative,ns
過,222,positive,ug
完全,219,positive,ad
相信,218,positive,v
當,210,positive,t
接受,196,positive,v
快,192,positive,a
痛苦,190,negative,an
匿名,186,negative,v
不到,184,negative,v
快樂,180,positive,a
不好,178,negative,d
約,178,positive,d
適合,178,positive,v
聯絡,178,negative,n
新,174,positive,a
機會,161,positive,n
愛情,150,positive,n
壓力,147,negative,n
主動,141,positive,b
幸福,135,positive,a
根本,135,positive,a
生氣,134,negative,n
復,134,negative,v
封鎖,129,negative,nr
對不起,129,positive,l
對不起,129,negative,l
痛,126,negative,a
當然,123,positive,d
不同,122,positive,a
答應,121,positive,v
準備,119,positive,v
玩,118,negative,v
不夠,117,negative,v
真正,117,positive,d
明明,116,positive,t
剛,115,positive,d
不斷,114,negative,d
習慣,114,positive,n
習慣,114,negative,n
怕,110,negative,v
幫忙,110,positive,v
怎樣,108,negative,r
重要,105,positive,a
傷害,105,negative,a
關心,105,positive,n
放棄,101,negative,v
清楚,101,positive,a
擔心,100,negative,v
刪除,99,negative,v
講,99,positive,zg
貼心,96,positive,v
出現,95,positive,v
似乎,94,negative,d
祝福,93,positive,nr
錯,93,negative,v
不管,92,negative,c
美好,91,positive,a
害怕,91,negative,v
說好,91,positive,v
沒想到,90,negative,l
忘記,89,negative,v
眼淚,89,negative,n
討厭,88,negative,v
後悔,86,negative,v
後悔,86,negative,v
失戀,85,negative,v
思考,85,positive,v
陪伴,85,positive,n
罵,85,negative,v
期待,84,positive,v
崩潰,82,negative,v
感謝,82,positive,v
珍惜,79,positive,a
得到,78,positive,v
道歉,78,negative,v
認真,78,positive,ad
才能,77,positive,v
冷靜,77,positive,a
冷靜,77,negative,a
依然,76,positive,d
承認,76,positive,v
爭吵,76,negative,v
失去,73,negative,v
穩定,72,positive,a
求助,70,negative,v
承諾,69,positive,v
特別,69,positive,d
永遠,68,positive,d
實在,68,positive,v
抒發,67,positive,v
拒絕,67,negative,v
曖昧,67,negative,a
正常,66,positive,d
抱歉,66,negative,v
剛好,66,positive,d
好多,64,positive,m
長,64,positive,zg
最好,64,positive,a
傷心,64,negative,n
解決,64,positive,v
竟然,63,negative,d
興趣,63,positive,n
甜蜜,62,positive,a
真心,61,positive,d
冷淡,60,negative,a
要求,60,negative,v
原諒,60,positive,nr
原諒,60,negative,nr
安慰,59,positive,v
安慰,59,negative,v
恨,59,negative,v
消失,59,negative,n
簡單,59,positive,a
簡單,59,negative,a
平常,58,negative,a
打算,58,negative,v
回頭,58,negative,v
自私,58,negative,a
值得,58,positive,v
在意,57,positive,v
抱怨,57,negative,v
沒關係,56,negative,l
差,56,negative,a
單純,56,positive,a
沒事,55,negative,v
受不了,55,negative,l
和平,55,positive,nz
放手,55,positive,v
剛剛,55,positive,d
可惜,54,negative,v
死,54,negative,v
明白,54,positive,nr
堅持,54,positive,v
堅持,54,negative,v
尊重,54,positive,a
不了,53,negative,v
自由,53,positive,a
小心,52,positive,n
小心,52,negative,n
考慮,52,positive,v
難,52,negative,zg
祝,51,positive,v
理性,51,positive,n
禮物,51,positive,n
戀愛,51,positive,v
經驗,50,positive,n
信任,49,positive,n
追求,49,positive,v
大哭,48,negative,v
不錯,48,positive,a
成熟,47,positive,a
老,47,negative,a
辛苦,47,negative,a
理解,47,positive,v
暫時,47,negative,d
諒,47,negative,v
受傷,46,negative,v
便,46,positive,d
絕對,46,negative,d
鼓勵,46,positive,v
難受,46,negative,v
在乎,45,positive,v
在乎,45,negative,v
脾氣,45,negative,n
意見,45,negative,n
熱戀,45,positive,v
成長,44,positive,v
居然,44,negative,d
約定,44,positive,v
真,44,positive,d
悲傷,44,negative,a
心痛,43,negative,n
寂寞,43,negative,a
期,43,positive,n
戀情,43,positive,n
平靜,42,positive,a
容易,42,positive,a
默默,42,positive,d
默默,42,negative,d
懷疑,42,negative,v
浪費,41,negative,n
的確,40,positive,d
成為,39,positive,x
淡,39,negative,a
滿,39,positive,a
滿,39,negative,a
休息,38,positive,v
勇氣,38,positive,n
逃避,38,negative,v
幹,38,negative,v
不合,37,negative,v
奇怪,37,negative,v
怪,37,negative,v
活動,37,negative,vn
想念,37,positive,v
熟悉,37,positive,v
尷尬,37,negative,a
管,36,positive,vn
不如,35,negative,c
可愛,35,positive,v
幼稚,35,negative,a
重點,35,positive,n
原,35,negative,n
能力,35,positive,n
假,35,negative,n
現實,35,positive,n
現實,35,negative,n
超過,35,negative,v
嫌,35,negative,v
感,35,positive,v
輕易,35,positive,a
輕易,35,negative,a
確定,35,positive,v
堅強,34,positive,v
愉快,34,positive,a
順利,34,positive,ad
徹底,34,positive,ad
藉口,34,negative,nr
體諒,34,positive,v
體諒,34,negative,v
傻,33,negative,a
騙,33,negative,v
正式,32,positive,ad
推,32,positive,v
欺騙,32,negative,v
結局,32,negative,n
複合,32,negative,v
體貼,32,positive,n
不行,31,negative,v
代表,31,positive,n
甘心,31,positive,n
次,31,negative,q
勉強,31,negative,v
缺點,31,negative,n
常,31,positive,d
想像,31,positive,v
瘋狂,31,positive,a
瘋狂,31,negative,a
擁有,31,positive,v
失敗,30,negative,v
失望,30,negative,v
抓,30,positive,v
依舊,30,positive,z
溫柔,30,positive,a
遲到,30,negative,v
嚴重,30,negative,a
不安,29,negative,a
不爽,29,negative,a
反對,29,negative,d
充滿,29,positive,a
完成,29,positive,v
負面,29,negative,n
意外,29,negative,a
感動,29,positive,v
經濟,29,positive,n
夢想,29,positive,n
誤會,29,negative,n
說明,29,positive,v
複雜,29,negative,a
談戀愛,29,positive,v
獨立,29,positive,v
不見,28,negative,v
包容,28,positive,v
包容,28,negative,v
委屈,28,negative,v
承受,28,negative,v
恢復,28,positive,v
真實,28,positive,d
偷偷,28,negative,d
亂,28,negative,d
壞,28,negative,a
心軟,27,positive,a
心軟,27,negative,a
成功,27,positive,a
完美,27,positive,a
勇敢,27,positive,a
假裝,27,negative,n
理智,27,positive,n
實說,27,positive,v
聲音,27,negative,n
蠻,27,negative,d
不知,26,negative,v
不理,26,negative,v
他媽,26,negative,x
可怕,26,negative,c
自信,26,positive,v
執著,26,positive,a
執著,26,positive,a
專心,26,positive,n
強迫,26,negative,a
控制,26,negative,v
舒服,26,positive,a
溫暖,26,positive,an
錯誤,26,negative,n
不太,25,negative,x
心疼,25,positive,a
心疼,25,negative,a
安撫,25,negative,nr
高興,25,positive,b
參加,25,positive,v
莫名,25,negative,v
不肯,24,negative,v
失眠,24,negative,v
打擾,24,negative,v
忍受,24,negative,v
折磨,24,negative,v
享受,24,positive,v
所謂,24,negative,b
爭執,24,negative,v
疼,24,positive,v
高,24,positive,a
毫無,24,positive,v
毫無,24,negative,v
麻煩,24,negative,an
開玩笑,24,negative,v
憤怒,24,negative,v
一般,23,negative,a
心碎,23,negative,v
肯定,23,positive,v
哈哈,23,positive,o
鬼,23,positive,n
鬼,23,negative,n
傷人,23,negative,n
傷口,23,negative,n
傻眼,23,negative,n
滿足,23,positive,v
輕鬆,23,positive,a
確實,23,positive,ad
親密,23,positive,a
必要,22,positive,d
生病,22,negative,n
沉默,22,negative,a
固定,22,positive,a
信心,22,positive,n
氣,22,negative,zg
問候,22,positive,n
莫名其妙,22,negative,i
發展,22,positive,vn
經營,22,positive,vn
學習,22,positive,v
糟糕,22,negative,a
平淡,21,negative,a
任性,21,positive,n
任性,21,negative,n
老師,21,positive,n
自我,21,negative,r
困難,21,negative,an
取消,21,negative,v
垃圾,21,negative,n
忽略,21,negative,d
長久,21,positive,d
陌生,21,negative,n
差異,21,negative,n
動力,21,positive,n
密,21,positive,a
密,21,negative,a
猶豫,21,negative,a
愛上,21,positive,x
緊張,21,negative,a
說謊,21,negative,v
積極,21,positive,ad
隨便,21,positive,d
隨便,21,negative,d
幫助,21,positive,v
臨時,21,negative,b
心思,20,positive,n
主要,20,positive,b
平衡,20,positive,a
同意,20,positive,d
好不容易,20,negative,l
冷戰,20,negative,v
忘不了,20,positive,v
忘不了,20,negative,v
明顯,20,positive,a
注意,20,positive,v
流淚,20,negative,n
耐心,20,positive,a
脆弱,20,negative,a
乾淨,20,positive,a
堅定,20,positive,a
無奈,20,negative,d
超級,20,positive,b
愧疚,20,negative,a
不在乎,19,negative,i
不知不覺,19,negative,i
生,19,negative,vn
吃醋,19,positive,v
有種,19,positive,r
有種,19,negative,r
冷,19,negative,a
否定,19,negative,v
吸引,19,positive,v
困擾,19,negative,v
忍耐,19,positive,v
忍耐,19,negative,v
改善,19,positive,v
板,19,negative,ng
保護,19,positive,v
思念,19,positive,n
相同,19,negative,d
限制,19,negative,v
純粹,19,positive,a
追蹤,19,negative,v
從不,19,positive,d
掙扎,19,negative,v
清醒,19,positive,a
無限,19,positive,v
無聊,19,negative,a
緊緊,19,positive,d
罷了,19,negative,y
適應,19,positive,v
機車,19,negative,n
遺憾,19,negative,a
不耐煩,18,negative,a
不像,18,negative,x
安心,18,positive,v
安心,18,negative,v
何必,18,negative,d
利用,18,negative,n
投入,18,positive,v
決心,18,positive,v
依賴,18,negative,v
刻意,18,positive,v
孤單,18,negative,a
空,18,negative,n
故意,18,negative,d
背叛,18,negative,v
計較,18,negative,v
負責,18,positive,v
深刻,18,positive,d
理想,18,positive,n
無力,18,negative,n
焦慮,18,negative,a
煩惱,18,negative,a
敷衍,18,negative,v
瞭解,18,positive,v
爆發,18,negative,v
一點點,17,negative,m
心靈,17,positive,n
他媽的,17,negative,l
充實,17,positive,ad
生日快樂,17,positive,l
低潮,17,negative,n
冷漠,17,negative,n
事實上,17,positive,l
很棒,17,positive,a
拜託,17,positive,nrt
拜託,17,negative,nrt
活,17,positive,vn
負擔,17,negative,v
音樂,17,positive,n
振作,17,positive,vn
深,17,positive,a
陷入,17,negative,v
期望,17,positive,v
短暫,17,negative,a
盡力,17,positive,d
精神,17,positive,n
說服,17,positive,v
熱情,17,positive,n
驚訝,17,negative,a
不在意,16,negative,i
不對勁,16,negative,l
不願,16,negative,x
公開,16,positive,ad
出軌,16,negative,v
可憐,16,negative,v
安靜,16,positive,nr
自然,16,positive,d
低,16,negative,a
改進,16,positive,v
狂,16,negative,zg
放心,16,positive,v
狠心,16,negative,d
浪漫,16,positive,a
強烈,16,negative,a
掛,16,negative,v
痛哭,16,negative,v
算了,16,negative,v
認同,16,positive,v
慶祝,16,positive,v
學會,16,positive,n
壓抑,16,negative,v
爛,16,negative,zg
犧牲,16,positive,v
驚喜,16,positive,a
不可,15,negative,v
用心,15,positive,n
吃不下,15,negative,l
自卑,15,positive,n
自卑,15,negative,n
自責,15,negative,v
伴侶,15,positive,n
批評,15,negative,v
承擔,15,positive,v
長輩,15,positive,n
保證,15,positive,v
狠狠,15,positive,d
狠狠,15,negative,d
殘忍,15,negative,a
訴苦,15,negative,v
嫌棄,15,negative,v
煩,15,negative,zg
補充,15,positive,v
誇張,15,negative,v
厭惡,15,negative,v
漂亮,15,positive,a
價值,15,positive,n
摩擦,15,negative,vn
方便,14,positive,a
正確,14,positive,ad
白,14,positive,a
白,14,negative,a
矛盾,14,negative,an
全心全意,14,positive,i
私下,14,negative,n
幸運,14,positive,a
哭泣,14,negative,v
耽誤,14,negative,v
乾脆,14,positive,nz
做錯,14,negative,x
堅決,14,positive,ad
無心,14,negative,v
無所謂,14,negative,l
慶幸,14,positive,v
親愛,14,positive,a
諷刺,14,negative,v
懷念,14,positive,v
難以,14,negative,d
變好,14,positive,v
一再,13,negative,d
不足,13,negative,a
不長,13,negative,v
仔細,13,positive,ad
失落,13,negative,v
打扮,13,positive,v
打擊,13,positive,v
打擊,13,negative,v
好吃,13,positive,v
自覺,13,positive,d
吵到,13,negative,v
足夠,13,positive,v
青春,13,positive,ns
前進,13,positive,v
拼命,13,negative,v
健康,13,positive,a
無情,13,negative,n
給予,13,positive,v
感激,13,positive,v
極度,13,negative,d
當面,13,positive,f
義務,13,positive,n
寧願,13,negative,d
厲害,13,negative,a
衝突,13,negative,vn
應,13,positive,v
壞人,13,negative,n
難得,13,positive,d
寶貝,13,positive,nr
不好意思,12,negative,a
公平,12,positive,n
天真,12,positive,nz
天真,12,negative,nz
可笑,12,positive,v
可笑,12,negative,v
正,12,positive,d
用盡,12,negative,v
丟掉,12,negative,v
同情,12,positive,n
同情,12,negative,n
好事,12,positive,n
好事,12,negative,n
好感,12,positive,n
有錢,12,positive,v
忍住,12,negative,v
沈默,12,negative,nr
沒用,12,negative,v
沒能,12,negative,v
沒想,12,negative,l
卑微,12,negative,a
坦白,12,positive,n
奇妙,12,positive,a
拋棄,12,negative,v
治療,12,positive,v
疙瘩,12,negative,n
指責,12,negative,v
相當,12,positive,d
浪費時間,12,negative,n
理所當然,12,positive,i
脫離,12,negative,v
無助,12,negative,v
發洩,12,negative,x
發覺,12,positive,v
愛人,12,positive,n
歇斯底里,12,negative,ns
達到,12,positive,v
噁心,12,negative,n
噓,12,negative,e
樂觀,12,positive,a
錯愕,12,negative,a
錯過,12,negative,v
戴,12,positive,v
賺錢,12,positive,v
避免,12,positive,v
避免,12,negative,v
隱藏,12,negative,v
瀟灑,12,positive,a
心動,11,positive,n
正面,11,positive,ad
丟臉,11,negative,v
地雷,11,negative,n
好笑,11,positive,v
低頭,11,negative,n
冷落,11,negative,v
否認,11,negative,v
到家,11,positive,x
玩笑,11,negative,v
糾纏,11,negative,v
紀念,11,positive,n
美麗,11,positive,ns
苦,11,positive,a
苦,11,negative,a
恐怖,11,negative,a
真愛,11,positive,nr
退回,11,negative,v
停止,11,negative,v
專注,11,positive,v
從頭到尾,11,positive,i
異常,11,negative,d
笨蛋,11,negative,n
陰影,11,negative,n
發脾氣,11,negative,v
黑暗,11,negative,z
感冒,11,negative,v
解除,11,positive,v
道別,11,positive,n
道理,11,positive,n
疑問,11,negative,v
盡,11,positive,zg
寬容,11,positive,a
憂鬱,11,negative,a
潮,11,negative,n
熟,11,positive,a
頻繁,11,negative,a
隱瞞,11,negative,v
離婚,11,negative,v
懶,11,negative,a
關注,11,positive,v
難看,11,negative,v
騙人,11,negative,n
人才,10,positive,n
小氣,10,negative,n
不滿,10,negative,a
不適,10,negative,a
友人,10,positive,n
太過,10,negative,x
幻想,10,positive,n
幻想,10,negative,n
心愛,10,positive,n
白痴,10,negative,nr
全,10,positive,a
合適,10,positive,a
好看,10,positive,v
好過,10,positive,x
好轉,10,positive,v
死心,10,negative,n
自殺,10,negative,v
低落,10,negative,v
克服,10,positive,v
欣賞,10,positive,v
空虛,10,negative,n
急,10,positive,v
急,10,negative,v
重,10,positive,a
重,10,negative,a
時機,10,positive,n
消磨,10,negative,v
純,10,positive,a
討,10,negative,v
勒索,10,negative,nrt
基本,10,positive,n
笨,10,negative,zg
通知,10,positive,v
敢,10,positive,v
無比,10,positive,v
發呆,10,negative,v
硬,10,positive,a
硬,10,negative,a
傻事,10,negative,n
暗示,10,negative,v
滑,10,positive,v
逼問,10,negative,v
過敏,10,negative,nr
實現,10,positive,v
實際,10,positive,n
滿意,10,positive,v
語無倫次,10,negative,i
標準,10,positive,n
模糊,10,negative,a
質疑,10,negative,v
獲得,10,positive,v
邀請,10,positive,v
擺脫,10,negative,v
懶得,10,negative,v
驕傲,10,negative,a
髒話,10,negative,n
髒話,10,negative,n
變心,10,negative,v
大意,9,negative,d
大聲,9,negative,m
不成,9,negative,v
不著,9,negative,x
反覆,9,negative,v
反覆,9,negative,v
平安,9,positive,a
犯賤,9,negative,n
好人,9,positive,n
你媽,9,negative,x
困惑,9,negative,a
扶持,9,positive,v
抗拒,9,negative,v
私底下,9,negative,n
坦然,9,positive,ad
肯,9,positive,v
信仰,9,positive,n
勁,9,positive,n
哀,9,negative,vg
幽默,9,positive,a
很慘,9,negative,a
相反,9,positive,v
相反,9,negative,v
看好,9,positive,v
重視,9,positive,v
容忍,9,positive,a
容忍,9,negative,a
疼愛,9,positive,n
破壞,9,negative,v
臭,9,negative,a
教訓,9,negative,vn
清晰,9,positive,a
爽,9,positive,nr
甜言蜜語,9,negative,i
透露,9,negative,v
創業,9,positive,n
善良,9,positive,a
悲觀,9,negative,a
散,9,negative,v
減少,9,negative,v
渴望,9,positive,v
無理取鬧,9,negative,l
黑,9,negative,a
煎熬,9,negative,v
落落,9,positive,v
試圖,9,negative,v
過錯,9,negative,v
過頭,9,negative,n
疑惑,9,negative,v
瘋子,9,negative,n
認,9,positive,v
瘦,9,negative,a
賤,9,positive,a
賤,9,negative,a
靠北,9,negative,v
激動,9,negative,a
優點,9,positive,n
點頭,9,positive,v
藍圖,9,positive,nr
難聽,9,negative,v
願,9,positive,v
顧慮,9,negative,v
灑脫,9,positive,v
髒,9,negative,a
邏輯,9,positive,n
大雨,8,negative,n
不下,8,negative,v
不堪,8,negative,v
內疚,8,negative,a
分隔,8,negative,v
可悲,8,negative,a
地位,8,positive,n
好奇,8,positive,a
成全,8,positive,v
成績,8,positive,n
有心,8,positive,a
有緣,8,positive,n
肉,8,negative,n
自在,8,positive,d
自願,8,positive,d
行,8,positive,zg
屁話,8,negative,n
快速,8,positive,d
把握,8,positive,v
攻擊,8,negative,v
沒法,8,negative,v
拖累,8,negative,v
便當,8,positive,a
流血,8,negative,v
胡思亂想,8,negative,i
負債,8,negative,n
害,8,negative,v
差別,8,negative,d
恐懼,8,negative,an
真誠,8,positive,a
荒唐,8,negative,a
偏偏,8,positive,d
理會,8,positive,n
窒息,8,negative,v
被動,8,negative,vn
責怪,8,negative,v
悲劇,8,negative,n
棒,8,positive,zg
無視,8,negative,v
絕望,8,negative,v
貴,8,positive,a
貴,8,negative,a
想不到,8,negative,l
愛心,8,positive,n
誠實,8,positive,a
過不去,8,negative,t
厭煩,8,negative,v
夥伴,8,positive,n
寧可,8,negative,nr
輕輕,8,positive,d
增加,8,positive,v
震驚,8,negative,v
興奮,8,positive,v
頭,8,positive,n
糟,8,negative,v
隱約,8,negative,z
爆炸,8,negative,v
願望,8,positive,v
爛人,8,negative,x
轟轟烈烈,8,positive,i
驚醒,8,negative,a
一口,7,positive,m
一致,7,positive,d
大便,7,negative,d
大笑,7,positive,v
介意,7,negative,v
允許,7,positive,v
分離,7,negative,v
友情,7,positive,n
友誼,7,positive,nr
心寒,7,negative,n
叮嚀,7,positive,v
回報,7,positive,v
有說有笑,7,positive,l
老是,7,negative,x
自我中心,7,negative,l
自認,7,positive,v
自認,7,negative,v
完整,7,positive,a
屁股,7,negative,n
沉重,7,negative,a
刺傷,7,negative,v
刺激,7,negative,v
呵護,7,positive,v
果斷,7,positive,d
空洞,7,negative,n
威脅,7,negative,vn
建立,7,positive,v
建立,7,positive,v
很好,7,positive,zg
很爛,7,negative,a
活潑,7,positive,a
炫耀,7,negative,a
哽咽,7,negative,v
埋怨,7,negative,v
恐怕,7,negative,v
恭喜,7,positive,d
消極,7,negative,a
缺乏,7,negative,n
偽裝,7,negative,v
得不到,7,negative,x
敏感,7,positive,v
敏感,7,negative,a
淚流滿面,7,negative,a
喜悅,7,positive,l
報復,7,negative,a
期盼,7,positive,v
殘酷,7,negative,v
無關,7,negative,a
發作,7,negative,v
發誓,7,negative,vn
開朗,7,positive,v
傷,7,negative,ns
傻子,7,negative,v
傻瓜,7,negative,n
愛好,7,positive,n
愛理不理,7,negative,a
溫馨,7,positive,l
羨慕,7,positive,nr
羨慕,7,negative,v
落下,7,negative,v
落空,7,negative,v
該死,7,negative,n
過分,7,negative,v
過度,7,negative,n
圖,7,negative,n
夢境,7,positive,zg
實際上,7,positive,n
睡不著,7,negative,d
精力,7,positive,x
廢話,7,negative,n
撕裂,7,negative,n
瞎,7,negative,v
質問,7,negative,v
賭氣,7,negative,n
鬧脾氣,7,negative,n
激情,7,positive,v
聰明,7,positive,n
謊言,7,negative,a
邁進,7,positive,n
醜陋,7,negative,v
贅述,7,negative,a
鬆,7,positive,v
難堪,7,negative,v
寶貴,7,positive,v
大方,6,positive,nr
小心翼翼,6,positive,n
不巧,6,negative,i
不住,6,negative,a
不良,6,negative,v
不知所措,6,negative,a
不當,6,negative,i
不顧,6,negative,d
五味雜陳,6,negative,v
反,6,negative,l
反感,6,negative,zg
反駁,6,negative,v
外向,6,positive,v
平凡,6,negative,n
打出,6,negative,a
正好,6,positive,v
光,6,positive,a
合理,6,positive,n
名,6,positive,vn
好心,6,positive,q
好玩,6,positive,n
安,6,positive,v
安全,6,positive,v
安定,6,positive,an
有用,6,positive,v
低調,6,positive,v
呆,6,negative,v
扭曲,6,negative,v
束縛,6,negative,v
固執,6,negative,vn
怪罪,6,negative,a
放任,6,negative,n
放在心上,6,positive,v
明,6,positive,l
明確,6,positive,a
盲目,6,negative,ad
直,6,positive,n
知名,6,positive,d
便宜,6,positive,v
保重,6,positive,a
保養,6,positive,v
前輩,6,positive,v
帥,6,positive,n
建設,6,positive,nr
很漂亮,6,positive,vn
拜,6,positive,n
拜訪,6,positive,v
活著,6,positive,v
狠,6,positive,x
狠,6,negative,d
要死,6,negative,d
害羞,6,negative,v
恐嚇,6,negative,a
挫折,6,negative,v
留戀,6,positive,n
破碎,6,negative,v
笑話,6,negative,v
虔誠,6,positive,n
配不上,6,negative,a
偷,6,negative,v
崇拜,6,positive,v
強求,6,negative,nrt
掉淚,6,negative,v
排斥,6,negative,v
淚流,6,negative,v
清,6,positive,n
甜美,6,positive,t
被騙,6,negative,a
訝異,6,negative,v
通,6,positive,v
逞強,6,negative,v
麻,6,negative,v
創造,6,positive,nr
惡夢,6,negative,v
智障,6,negative,n
最壞,6,negative,n
無趣,6,negative,x
絕情,6,negative,n
著想,6,positive,n
辜負,6,negative,x
進步,6,positive,v
順遂,6,positive,d
亂七八糟,6,negative,v
愚蠢,6,negative,i
溫和,6,positive,a
落淚,6,negative,a
落寞,6,negative,v
裝作,6,negative,a
解開,6,positive,v
跨越,6,positive,v
過世,6,negative,v
過份,6,negative,t
慘,6,negative,n
盡情,6,positive,zg
稱讚,6,positive,d
遠離,6,negative,v
嘲笑,6,negative,v
廢,6,negative,v
憋,6,negative,v
熱心,6,positive,zg
窮,6,negative,n
緬懷,6,positive,a
諒解,6,positive,ns
諒解,6,negative,v
踏實,6,positive,v
親人,6,positive,a
頭痛,6,negative,n
嚇到,6,negative,n
壓倒,6,negative,v
聯誼,6,positive,v
雞毛蒜皮,6,negative,nz
懶人,6,negative,i
騷擾,6,negative,n
蠢,6,negative,v
辯解,6,negative,a
霸道,6,negative,v
顧,6,positive,n
顯然,6,positive,v
體面,6,positive,ad
鑽牛角尖,6,negative,n
一拳,5,negative,n
一廂情願,5,negative,m
大事,5,positive,i
干涉,5,negative,n
不甘,5,negative,v
不歡而散,5,negative,v
反反覆覆,5,negative,i
反抗,5,negative,l
反悔,5,negative,v
太好,5,positive,v
巴掌,5,negative,x
心死,5,negative,nr
心煩,5,negative,x
心酸,5,negative,a
火,5,positive,n
火,5,negative,n
出局,5,negative,n
打破,5,positive,n
打破,5,negative,v
本質,5,positive,v
正軌,5,positive,n
正當,5,positive,b
犯錯,5,negative,a
示好,5,positive,v
危險,5,negative,v
名牌,5,positive,an
名義,5,negative,n
好聽,5,positive,n
有趣,5,positive,v
自助,5,positive,a
自尊,5,positive,v
自稱,5,negative,v
伴隨,5,positive,v
作為,5,positive,v
作祟,5,negative,x
呈現,5,positive,v
困境,5,negative,v
忍痛,5,negative,n
抓住,5,negative,v
沒出息,5,negative,v
佩服,5,positive,l
來得,5,positive,v
奇蹟,5,positive,v
孤獨,5,negative,n
定,5,positive,a
忽視,5,negative,v
怪異,5,negative,v
拖著,5,negative,a
服務,5,positive,x
爭論,5,negative,vn
長篇大論,5,negative,v
阻止,5,negative,l
冒,5,negative,v
哀求,5,negative,v
契機,5,positive,v
封閉,5,negative,n
怠惰,5,negative,v
怨,5,negative,a
怨恨,5,negative,v
挑戰,5,negative,v
背後,5,negative,vn
苦苦,5,positive,f
苦苦,5,negative,a
重演,5,negative,a
風度,5,positive,vn
哭訴,5,negative,n
恩愛,5,positive,v
格外,5,negative,nr
消耗,5,negative,d
草草,5,negative,n
迴避,5,negative,n
動搖,5,negative,v
帶領,5,positive,v
強勢,5,positive,v
教育,5,positive,n
深入,5,positive,vn
混亂,5,negative,v
甜,5,positive,a
疏遠,5,negative,a
眷戀,5,positive,a
符合,5,positive,v
細心,5,positive,v
麻痺,5,negative,n
傢伙,5,negative,x
喜好,5,positive,n
報應,5,negative,v
尊嚴,5,positive,v
悶,5,negative,a
愣,5,negative,v
提升,5,positive,v
期許,5,positive,v
無法忍受,5,negative,v
無法挽回,5,negative,l
無微不至,5,positive,i
無意,5,positive,i
無意,5,negative,v
發飆,5,negative,v
絕不,5,negative,n
開啟,5,positive,d
開啟,5,positive,x
順從,5,positive,x
順從,5,negative,p
催促,5,negative,p
傳統,5,positive,v
債務,5,negative,n
廉價,5,positive,n
意圖,5,negative,n
愛吃,5,negative,n
搞不懂,5,negative,x
暗自,5,negative,l
極力,5,positive,d
極端,5,negative,n
當真,5,positive,n
綁架,5,negative,d
達成,5,positive,v
厭倦,5,negative,v
察覺,5,positive,v
實話,5,positive,v
精彩,5,positive,v
緊,5,negative,n
憐憫,5,positive,a
憐憫,5,negative,v
憧憬,5,positive,v
潑冷水,5,negative,v
熟識,5,positive,n
熱鬧,5,positive,v
衝擊,5,negative,a
請教,5,positive,vn
踐踏,5,negative,v
餘地,5,negative,v
魅力,5,positive,n
整,5,positive,n
激烈,5,negative,v
遲鈍,5,negative,a
遵守,5,positive,a
檢舉,5,positive,v
營養,5,positive,v
燦爛,5,positive,n
避開,5,negative,a
斷絕,5,negative,v
禮貌,5,positive,v
豐富,5,positive,n
贊成,5,positive,a
辭職,5,negative,v
難題,5,negative,v
顯示,5,negative,n
人緣,4,positive,v
下場,4,negative,n
大量,4,positive,n
小看,4,negative,n
干擾,4,negative,v
不乏,4,positive,v
不出,4,negative,v
不吃,4,negative,v
不合理,4,negative,v
不自在,4,negative,n
不定,4,negative,d
不幸,4,negative,d
不負責任,4,negative,a
不起,4,negative,l
不得了,4,negative,x
不穩,4,negative,l
不覺,4,negative,a
不變,4,positive,d
內向,4,positive,v
冗長,4,negative,n
切斷,4,negative,n
反胃,4,negative,v
天堂,4,positive,v
心灰意冷,4,negative,n
可行,4,positive,i
可靠,4,positive,v
打氣,4,positive,v
未知,4,negative,v
甩掉,4,negative,v
再犯,4,negative,v
吃苦,4,positive,v
吃苦,4,negative,a
地獄,4,negative,a
多餘,4,negative,n
多餘,4,negative,m
好日子,4,positive,m
好運,4,positive,l
成就,4,positive,n
有夠,4,negative,n
死去活來,4,negative,x
死黨,4,negative,l
老實,4,positive,n
老實,4,negative,n
吵吵鬧鬧,4,negative,n
忍心,4,negative,v
志願,4,positive,v
沈重,4,negative,n
沒去,4,negative,x
沒有勇氣,4,negative,v
迅速,4,positive,l
乖,4,positive,ad
刺眼,4,positive,a
刺眼,4,negative,v
協助,4,positive,v
受過,4,negative,v
和解,4,positive,v
拉肚子,4,negative,v
放縱,4,negative,n
昇華,4,positive,v
泡影,4,negative,nz
肥,4,positive,n
長遠,4,positive,n
哀傷,4,negative,d
哈,4,positive,v
怒,4,negative,nr
怒氣,4,negative,vg
挑剔,4,negative,n
枷鎖,4,negative,v
流眼淚,4,negative,n
珍貴,4,positive,n
美夢,4,positive,a
要命,4,negative,nz
降低,4,negative,v
倔強,4,positive,v
倔強,4,negative,a
容許,4,positive,a
狼狽,4,negative,v
疲憊,4,negative,an
疼痛,4,negative,a
神經病,4,negative,n
缺,4,negative,n
茫然,4,negative,v
迷路,4,negative,z
追究,4,negative,n
做人,4,positive,v
動不動,4,negative,n
動手,4,negative,l
問好,4,positive,n
培養,4,positive,v
基礎,4,positive,v
夠了,4,negative,n
婉轉,4,positive,x
專一,4,positive,v
患得患失,4,positive,b
患得患失,4,negative,i
惆悵,4,negative,i
捨棄,4,positive,a
掃地,4,negative,v
控訴,4,negative,n
推薦,4,positive,v
望,4,positive,v
殺,4,negative,v
猜忌,4,negative,v
猜想,4,negative,v
終止,4,negative,v
被當,4,negative,v
軟弱,4,negative,x
造就,4,positive,a
酗酒,4,negative,v
麻木,4,negative,v
勝過,4,positive,nr
喪失,4,negative,v
單,4,negative,v
富裕,4,positive,n
復發,4,negative,a
悲哀,4,negative,v
悲慘,4,negative,a
悶悶不樂,4,negative,a
惡,4,negative,i
惡魔,4,negative,zg
提心吊膽,4,negative,n
揪心,4,negative,i
減輕,4,positive,a
無憂無慮,4,positive,v
無緣無故,4,negative,i
痛心,4,negative,i
痛快,4,positive,v
發牢騷,4,negative,a
虛偽,4,negative,v
裂痕,4,negative,x
視窗,4,positive,n
詐騙,4,negative,n
買好,4,negative,vn
費,4,negative,v
進行,4,positive,zg
傾向,4,positive,v
微妙,4,positive,v
感嘆,4,negative,a
慌張,4,negative,v
慌亂,4,negative,a
搜尋,4,negative,a
新鮮,4,positive,v
準時,4,positive,ns
煩躁,4,negative,v
碎,4,negative,a
節制,4,positive,a
詭異,4,negative,v
詳細,4,positive,a
誠懇,4,positive,ad
漫無目的,4,negative,a
管理,4,positive,i
赫然,4,positive,vn
趕走,4,negative,z
鼻酸,4,negative,v
暴力,4,negative,n
確切,4,positive,n
請求,4,positive,ad
懊悔,4,negative,v
擅長,4,positive,v
操心,4,positive,v
操心,4,negative,v
擔憂,4,negative,v
諾言,4,positive,v
隨手,4,positive,nz
優秀,4,positive,d
懂事,4,positive,a
檢視,4,positive,v
豁達,4,positive,v
簡短,4,positive,a
寵壞,4,negative,v
難忘,4,positive,v
顛倒,4,negative,v
蠢事,4,negative,v
歡樂,4,positive,n
變淡,4,negative,a
變質,4,negative,v
一帆風順,3,positive,n
一成不變,3,negative,i
一貫,3,positive,i
一場空,3,negative,m
刁難,3,negative,n
乞求,3,negative,a
大吵大鬧,3,negative,v
大吼,3,negative,l
大眾,3,positive,x
大發雷霆,3,negative,x
大肆,3,negative,i
大罵,3,negative,d
不大,3,negative,x
不切實際,3,negative,a
不可收拾,3,negative,l
不可思議,3,positive,i
不可思議,3,negative,i
不平,3,negative,i
不死心,3,negative,n
不快,3,negative,i
不明不白,3,negative,d
不要臉,3,negative,l
不值,3,negative,l
不悅,3,negative,n
不配,3,negative,a
不得,3,negative,v
不得已,3,negative,v
不堪入目,3,negative,d
不厭其煩,3,positive,i
不懂事,3,negative,i
不難,3,positive,l
什,3,negative,d
公,3,positive,r
分心,3,negative,n
太好了,3,positive,v
心甘情願,3,positive,l
心甘情願,3,negative,i
心儀,3,positive,i
手段,3,negative,n
手軟,3,positive,n
斤斤計較,3,negative,n
出事,3,negative,i
半死,3,negative,v
可惡,3,negative,n
失控,3,negative,v
平穩,3,positive,vn
打下,3,positive,a
打敗,3,negative,v
打斷,3,negative,v
用力,3,negative,v
白目,3,negative,n
白費,3,negative,x
皮,3,negative,n
全力,3,positive,n
全新,3,positive,n
冰冷,3,negative,d
地震,3,negative,z
好處,3,positive,n
好話,3,positive,d
如願,3,positive,v
妄想,3,positive,v
妄想,3,negative,v
安好,3,positive,v
安穩,3,positive,a
尖叫,3,negative,a
尖銳,3,positive,v
尖銳,3,negative,a
有意思,3,positive,a
灰心,3,negative,l
自作多情,3,negative,n
自卑感,3,negative,l
自暴自棄,3,negative,n
血汗,3,positive,i
伸手,3,negative,n
但願,3,negative,v
佔據,3,negative,v
何苦,3,negative,v
免費,3,positive,d
冷眼,3,negative,vn
冷靜下來,3,negative,a
別離,3,negative,i
吶喊,3,negative,v
孝順,3,positive,v
完完全全,3,negative,nz
忍下來,3,negative,i
忍讓,3,negative,v
技術,3,positive,v
抓緊,3,positive,n
改觀,3,positive,v
牢騷,3,negative,v
狂歡,3,positive,n
私密,3,negative,v
系,3,negative,a
走人,3,negative,v
走散,3,negative,n
初衷,3,positive,v
協調,3,positive,d
受害者,3,negative,v
坦誠,3,positive,n
承受不住,3,negative,a
拉扯,3,negative,i
拖拖拉拉,3,negative,v
招待,3,positive,z
於事無補,3,negative,v
明眼人,3,positive,i
沮喪,3,negative,n
波折,3,negative,a
狗屁,3,negative,vn
直率,3,positive,n
直覺,3,positive,n
知足,3,positive,n
阻力,3,negative,v
附和,3,negative,n
保險,3,positive,v
冠冕堂皇,3,negative,n
哎呀,3,negative,i
宣判,3,negative,e
急忙,3,negative,vn
急躁,3,negative,d
怨懟,3,negative,a
拯救,3,positive,v
指教,3,positive,v
是的,3,positive,n
流言,3,negative,v
疤痕,3,negative,uj
相差,3,negative,n
盼望,3,positive,n
看不見,3,negative,v
看不起,3,negative,v
科學,3,positive,v
突如其來,3,negative,v
美,3,positive,n
美滿,3,positive,i
胡言亂語,3,negative,ns
英雄,3,positive,a
要死要活,3,positive,i
要死要活,3,negative,ns
重大,3,positive,n
重要性,3,positive,n
風趣,3,positive,a
風險,3,negative,n
修好,3,positive,n
展現,3,positive,n
差勁,3,negative,v
弱勢,3,negative,v
恐慌,3,negative,n
核心,3,positive,n
殷勤,3,positive,an
殷勤,3,negative,n
氣憤,3,negative,nr
氣質,3,positive,nr
浪潮,3,positive,n
疲倦,3,negative,n
疲累,3,negative,n
病毒,3,negative,a
破口大罵,3,negative,a
破洞,3,negative,n
神,3,positive,i
神經,3,negative,n
純真,3,positive,n
荒謬,3,negative,n
討好,3,positive,a
討好,3,negative,a
託付,3,positive,v
財產,3,positive,v
迷迷糊糊,3,negative,v
迷戀,3,positive,n
迷戀,3,negative,z
退出,3,negative,v
骨折,3,negative,v
高姿態,3,positive,v
鬥嘴,3,negative,n
偉大,3,positive,l
偏向,3,negative,ns
做夢,3,negative,a
啜泣,3,negative,n
執迷不悟,3,negative,v
婊子,3,negative,v
將心比心,3,negative,i
強,3,positive,n
強,3,negative,i
強大,3,positive,zg
強壓,3,negative,zg
徘徊,3,negative,a
敗,3,negative,v
毫不猶豫,3,positive,v
淡然,3,negative,v
混蛋,3,negative,l
清白,3,positive,z
清明,3,positive,n
清理,3,positive,a
爽快,3,positive,a
牽強,3,negative,a
牽掛,3,positive,a
牽掛,3,negative,v
略,3,positive,v
疏忽,3,negative,v
笨拙,3,negative,d
陰霾,3,negative,v
復仇,3,negative,a
悲痛,3,negative,n
悶著,3,negative,v
智慧,3,positive,a
最低,3,negative,x
欺負,3,negative,nr
殘,3,negative,a
無可奈何,3,negative,v
無效,3,negative,n
無能,3,negative,i
無盡,3,positive,a
痛恨,3,negative,v
發抖,3,negative,d
發燒,3,negative,v
硬生生,3,negative,v
舒適,3,positive,v
著迷,3,positive,n
貶低,3,negative,a
進展,3,positive,v
開導,3,positive,v
順手,3,positive,vn
嗜好,3,positive,v
圓滿,3,positive,d
媽的,3,negative,v
意志,3,positive,a
愛戀,3,positive,x
感到痛苦,3,negative,n
搖搖,3,negative,nr
暖流,3,positive,i
當頭棒喝,3,negative,v
督促,3,positive,n
碎裂,3,negative,i
義無反顧,3,positive,v
落魄,3,negative,v
誠摯,3,positive,i
逼迫,3,negative,a
過多,3,negative,a
過問,3,positive,v
過節,3,negative,x
道德,3,positive,v
道謝,3,positive,t
嘆,3,positive,nr
嘆氣,3,negative,nr
實,3,positive,zg
摧毀,3,negative,v
漂泊,3,negative,n
漂浮,3,negative,v
漂漂亮亮,3,positive,v
算計,3,negative,v
精心,3,positive,z
精采,3,positive,v
緊急,3,negative,n
趕上,3,positive,v
輕描淡寫,3,negative,a
劇烈,3,negative,d
嘻嘻哈哈,3,positive,i
嘻嘻哈哈,3,negative,a
增長,3,positive,z
墳墓,3,negative,z
審慎,3,positive,v
履行,3,positive,n
廢人,3,negative,a
廢物,3,negative,v
慾望,3,negative,n
憔悴,3,negative,n
摯愛,3,positive,v
撫慰,3,positive,a
暫停,3,negative,n
暴怒,3,negative,v
樂,3,positive,d
樂趣,3,positive,v
毅然決然,3,positive,a
潑,3,negative,a
熱愛,3,positive,i
緩慢,3,negative,v
罵人,3,negative,a
鄭重,3,positive,d
養活,3,positive,n
魯,3,negative,a
噩夢,3,negative,vn
奮鬥,3,positive,nr
擔當,3,positive,n
融洽,3,positive,v
親切,3,positive,v
親暱,3,positive,v
賴,3,negative,a
遺失,3,negative,x
錯覺,3,negative,nr
壓迫,3,negative,n
擠,3,negative,n
瞧不起,3,negative,v
矯情,3,negative,v
縮減,3,negative,v
艱辛,3,negative,a
艱難,3,negative,v
謊話,3,negative,a
豁然開朗,3,positive,a
輾轉,3,negative,n
隱隱約約,3,negative,i
鞠躬,3,positive,v
擺設,3,negative,z
歸咎,3,negative,v
翻臉,3,negative,v
謾罵,3,negative,v
鎮定,3,positive,v
雜事,3,negative,v
壞掉,3,negative,v
壞脾氣,3,negative,n
壞話,3,negative,v
寵,3,positive,n
寵愛,3,positive,n
寵愛,3,negative,v
懶惰,3,negative,v
關懷,3,positive,v
獻殷勤,3,negative,a
驅使,3,negative,nr
歡迎,3,positive,v
聽話,3,positive,v
戀,3,positive,v
變相,3,negative,v
驚覺,3,negative,v
一如既往,2,positive,n
一見鍾情,2,positive,a
一塵不染,2,positive,i
一幫,2,negative,i
一蹶不振,2,negative,i
了不起,2,positive,m
了不起,2,negative,i
二心,2,negative,v
人身攻擊,2,negative,v
人性,2,positive,n
人為,2,negative,i
人格,2,positive,n
人情,2,positive,x
入侵,2,negative,n
口角,2,negative,n
土,2,negative,v
大力,2,positive,n
大力,2,negative,zg
大怒,2,negative,n
大道,2,positive,n
大錯,2,negative,x
大膽,2,positive,n
大膽,2,negative,x
小康,2,positive,n
才華,2,positive,n
不及格,2,negative,nr
不以,2,negative,nr
不可否認,2,positive,i
不可否認,2,negative,c
不必要,2,negative,i
不好過,2,negative,i
不妥,2,negative,l
不佳,2,negative,l
不受,2,negative,a
不明,2,negative,x
不近,2,negative,v
不便,2,negative,v
不信,2,negative,x
不為,2,negative,c
不耐,2,negative,v
不屑,2,negative,x
不高,2,negative,a
不清不楚,2,negative,v
不許,2,negative,x
不善,2,negative,l
不等,2,negative,d
不準,2,negative,v
不聞不問,2,negative,a
中心,2,positive,v
中興,2,positive,l
中斷,2,negative,n
仁慈,2,positive,ns
仇恨,2,negative,ns
分寸,2,positive,nr
友愛,2,positive,n
巴,2,positive,n
幻滅,2,negative,a
心不在焉,2,negative,ns
心平氣和,2,positive,v
心情沉重,2,negative,i
心聲,2,positive,i
文才,2,positive,i
文靜,2,positive,n
日久生情,2,positive,n
木訥,2,negative,n
火大,2,negative,n
火花,2,positive,z
牛,2,negative,a
王八蛋,2,negative,n
主觀,2,negative,n
令人羨慕,2,positive,nr
出爾反爾,2,negative,n
包涵,2,positive,l
包涵,2,negative,nz
古典,2,positive,v
可有可無,2,negative,v
可恨,2,negative,ns
可恥,2,negative,l
可貴,2,positive,v
失利,2,negative,a
失調,2,negative,a
左右手,2,positive,vn
巧,2,positive,v
巨大,2,positive,m
平和,2,positive,a
平等,2,positive,a
平順,2,positive,a
打架,2,negative,a
打滾,2,negative,nr
未必,2,negative,v
未知數,2,negative,v
正直,2,positive,d
永垂不朽,2,positive,i
甘願,2,positive,d
生死,2,positive,i
生育,2,positive,n
生怕,2,negative,v
生疏,2,negative,vn
甩了,2,negative,v
示弱,2,negative,n
丟棄,2,negative,v
先進,2,positive,ul
光芒,2,positive,v
全無,2,negative,v
吃力,2,negative,a
吃屎,2,negative,n
吃虧,2,negative,x
合拍,2,positive,n
合格,2,positive,v
多心,2,negative,v
好喝,2,positive,v
好意,2,positive,n
好聲好氣,2,positive,n
安安靜靜,2,positive,v
安康,2,positive,v
安然,2,positive,l
成果,2,positive,z
成效,2,positive,nr
收穫,2,positive,nr
曲折,2,negative,n
有名,2,positive,a
有意,2,positive,v
有意,2,negative,a
死了,2,negative,a
自大,2,negative,v
自由自在,2,positive,v
自立,2,positive,v
自作自受,2,negative,ul
自怨自艾,2,negative,a
自動,2,positive,i
行時,2,positive,v
低聲,2,negative,l
何不,2,negative,i
冷汗,2,negative,vn
冷風,2,negative,n
冷酷,2,negative,n
刪去,2,negative,d
吵起來,2,negative,nr
吹捧,2,negative,n
告吹,2,negative,a
完了,2,negative,v
希,2,positive,v
希冀,2,positive,v
志同道合,2,positive,v
抑制,2,negative,v
改過,2,positive,ul
求求,2,negative,v
求救,2,positive,nr
求救,2,negative,i
求解,2,negative,v
決定性,2,positive,v
沈悶,2,negative,v
沉靜,2,positive,v
沒收,2,negative,v
沒完沒了,2,negative,v
沒來由,2,negative,n
沒理,2,negative,n
沒道理,2,negative,a
災難,2,negative,v
辛勞,2,positive,l
迂迴,2,negative,l
乖巧,2,positive,x
使命,2,positive,l
依依不捨,2,positive,n
典型,2,positive,nz
制止,2,negative,v
刺耳,2,negative,a
刺骨,2,negative,v
取得,2,negative,i
受苦,2,negative,n
受挫,2,negative,v
周全,2,positive,n
咄咄逼人,2,negative,n
和樂,2,positive,v
和諧,2,positive,v
咒罵,2,negative,v
始終如一,2,positive,nr
尚未,2,negative,i
忠告,2,positive,nz
抱不平,2,negative,a
拓展,2,positive,v
拘束,2,negative,i
拙劣,2,negative,d
旺盛,2,positive,n
沾沾自喜,2,positive,i
沾沾自喜,2,negative,v
泡湯,2,negative,v
物理,2,positive,a
知己,2,positive,a
知心,2,positive,i
迎合,2,negative,i
迎來,2,positive,n
迎接,2,positive,n
長者,2,positive,n
長短,2,negative,v
保守,2,negative,v
勃然大怒,2,negative,v
勉勵,2,positive,v
厚,2,positive,n
哀怨,2,negative,z
哀悼,2,negative,v
品嚐,2,positive,i
孩子氣,2,negative,v
宣稱,2,negative,a
帥氣,2,positive,v
幽靈,2,negative,v
很氣,2,negative,v
很爽,2,positive,n
急於,2,negative,v
怨言,2,negative,n
拜拜,2,positive,n
故態復萌,2,negative,a
柔,2,positive,a
毒,2,negative,d
活力,2,positive,n
活該,2,negative,ns
流行,2,positive,i
流逝,2,negative,v
流連,2,positive,zg
珍重,2,positive,n
畏懼,2,negative,v
看重,2,positive,v
看淡,2,negative,v
矜持,2,negative,v
紀念品,2,positive,a
約束,2,negative,v
美美,2,positive,v
美景,2,positive,v
美感,2,positive,v
耍賴,2,negative,n
耐性,2,positive,vn
苟延殘喘,2,negative,ns
苦痛,2,negative,n
虐待,2,negative,ns
限定,2,negative,v
限度,2,negative,n
革命,2,positive,i
凌亂,2,negative,a
匪夷所思,2,positive,v
套話,2,negative,v
娛樂,2,positive,n
容,2,positive,vn
拳頭,2,negative,a
拿捏,2,negative,i
捍衛,2,positive,n
時尚,2,positive,vn
氣頭上,2,negative,a
浮動,2,negative,n
消沉,2,negative,v
狹隘,2,negative,v
留念,2,positive,n
畜生,2,negative,n
真他媽,2,negative,vn
真蠢,2,negative,v
破,2,negative,a
破產,2,negative,v
粉碎,2,negative,n
紛爭,2,negative,n
缺乏自信,2,negative,x
臭臉,2,negative,v
辱罵,2,negative,v
退役,2,negative,v
退學,2,negative,n
逃走,2,negative,i
高材生,2,positive,x
高度,2,positive,v
乾乾淨淨,2,positive,v
假想,2,negative,v
偷偷摸摸,2,negative,v
偷懶,2,negative,n
偽,2,negative,n
務實,2,positive,z
堅固,2,positive,n
堅信,2,positive,i
奢侈,2,negative,v
婉拒,2,negative,x
密切,2,positive,d
強制,2,negative,a
彩虹,2,positive,v
得意,2,positive,a
得意忘形,2,positive,v
得意忘形,2,negative,ad
得過且過,2,negative,v
悵然,2,negative,nz
情趣,2,positive,v
情願,2,positive,i
探望,2,positive,i
推託,2,negative,l
教導,2,positive,d
欲哭無淚,2,negative,n
毫不,2,positive,n
毫不留情,2,negative,v
毫無意義,2,negative,v
淪為,2,negative,n
淫亂,2,negative,i
深思,2,positive,d
牽連,2,negative,l
甜點,2,positive,l
絆腳石,2,negative,x
莫須有,2,negative,a
被遺棄,2,negative,n
規則,2,positive,v
責罵,2,negative,n
逗,2,positive,n
陰鬱,2,negative,i
創傷,2,negative,n
創意,2,positive,n
勝任,2,positive,v
喚起,2,positive,v
喜,2,positive,a
喜愛,2,positive,v
單一,2,positive,v
悲情,2,negative,n
惡言,2,negative,v
惡言相向,2,negative,v
惡性,2,negative,v
惡毒,2,negative,b
掌握,2,positive,n
敞開,2,positive,n
景色,2,positive,i
最佳,2,positive,n
最高,2,positive,n
殘破,2,negative,v
渾蛋,2,negative,v
渾渾噩噩,2,negative,n
湧現,2,positive,z
無形,2,negative,a
無底洞,2,negative,v
無動於衷,2,negative,n
無動於衷,2,negative,z
無辜,2,positive,x
無語,2,negative,b
無謂,2,negative,ns
無關緊要,2,negative,i
焦躁,2,negative,i
痛罵,2,negative,n
絕,2,negative,nz
給面子,2,positive,v
絲毫,2,negative,l
脾氣壞,2,negative,a
舒坦,2,positive,v
萌芽,2,positive,d
虛,2,negative,n
詛咒,2,negative,m
費心,2,positive,n
費心,2,negative,a
貼切,2,positive,v
貿然,2,negative,zg
超好,2,positive,v
超越,2,positive,n
開放,2,positive,n
開除,2,negative,a
集團,2,negative,d
黃金,2,positive,x
黑道,2,negative,v
亂丟垃圾,2,negative,v
亂搞,2,negative,v
傷神,2,negative,n
嗤之以鼻,2,negative,n
圓,2,negative,n
嫉妒,2,positive,n
嫉妒,2,negative,v
微微,2,positive,n
想不開,2,negative,i
意願,2,positive,n
愛面子,2,negative,v
愛慕,2,positive,v
愛護,2,positive,d
感同身受,2,positive,v
感恩,2,positive,n
搖搖欲墜,2,negative,n
毀滅,2,negative,nr
毀謗,2,negative,v
準確,2,positive,l
溜,2,positive,v
滔滔不絕,2,positive,i
照樣,2,positive,v
瑕疵,2,negative,v
當不了,2,negative,a
禁忌,2,negative,v
節奏,2,positive,i
節省,2,positive,d
節儉,2,positive,n
經不起,2,negative,t
經驗豐富,2,positive,v
罪名,2,negative,n
罪惡,2,negative,n
置之不理,2,negative,a
義氣,2,positive,l
萬全,2,positive,n
落井下石,2,negative,n
落落大方,2,positive,n
號角,2,positive,i
裝死,2,negative,n
誇大,2,negative,nr
誇獎,2,positive,i
誠心,2,positive,i
豢養,2,negative,n
逼不得已,2,negative,v
逼死,2,negative,v
逼婚,2,negative,v
違反,2,negative,a
違規,2,negative,v
隔離,2,negative,i
零碎,2,negative,v
預謀,2,negative,v
頓悟,2,positive,v
厭世,2,negative,vn
嘔吐,2,negative,v
夢寐以求,2,positive,a
寡言少語,2,negative,v
實行,2,positive,v
對付,2,negative,v
慘烈,2,positive,v
慘烈,2,negative,i
慚愧,2,negative,i
摧殘,2,negative,v
榮幸,2,positive,vn
槓上,2,negative,a
漫不經心,2,negative,a
疑,2,negative,a
疑神疑鬼,2,negative,v
盡心盡力,2,positive,nr
禎,2,positive,x
稱號,2,positive,i
端,2,positive,vg
精華,2,positive,l
緊迫,2,negative,i
認可,2,positive,g
誒,2,negative,n
誘惑,2,negative,v
豪,2,positive,nz
豪,2,negative,d
輔導,2,positive,v
輕,2,positive,e
輕,2,negative,v
辣,2,negative,n
鄙視,2,negative,n
鄙視,2,negative,vn
酸澀,2,negative,a
銘心,2,positive,a
障礙,2,negative,n
墮落,2,negative,v
嬌,2,positive,v
嬌,2,negative,a
嬌柔,2,positive,n
廣闊,2,positive,n
德性,2,negative,v
慫恿,2,negative,a
慮,2,negative,a
憂傷,2,negative,a
憂愁,2,negative,a
憎惡,2,negative,n
憤恨,2,negative,v
撒謊,2,negative,vg
敵意,2,negative,v
數落,2,negative,a
暴躁,2,negative,v
樂意,2,positive,v
熱烈,2,positive,v
獎金,2,positive,n
璀璨,2,positive,n
皺眉頭,2,negative,a
磕頭,2,positive,n
膚淺,2,negative,a
調皮,2,negative,n
談何容易,2,negative,z
豬頭,2,negative,v
賞,2,positive,v
賤貨,2,negative,a
賭博,2,negative,n
適,2,positive,l
適時,2,positive,n
遭遇,2,negative,v
遮掩,2,negative,n
遷就,2,negative,v
醉生夢死,2,negative,v
養生,2,positive,ad
鬧劇,2,negative,n
奮不顧身,2,positive,v
懊惱,2,negative,v
戰友,2,positive,i
擁,2,positive,v
擅自,2,negative,n
擔任,2,positive,i
激勵,2,positive,v
燃燒,2,negative,n
獨特,2,positive,v
磨損,2,negative,d
積蓄,2,positive,v
窺視,2,negative,v
興高采烈,2,positive,v
蕩,2,negative,a
親近,2,positive,vn
錯失,2,negative,n
險,2,negative,v
靜,2,positive,i
頭暈,2,negative,v
頹廢,2,negative,d
優先,2,positive,n
嚇跑,2,negative,a
嚇跑,2,negative,nr
懇求,2,positive,n
懇請,2,positive,a
應有,2,positive,vn
懦弱,2,negative,v
濫用,2,negative,v
糟蹋,2,negative,v
聳肩,2,negative,v
聳肩,2,negative,v
謊,2,negative,ad
蹉跎,2,negative,v
隱隱,2,negative,v
點火,2,negative,v
嚮往,2,positive,v
斷裂,2,negative,ng
斷開,2,negative,v
翻滾,2,negative,z
翻騰,2,negative,v
舊,2,negative,d
雜物,2,negative,v
壞事,2,negative,v
懲罰,2,negative,v
懶散,2,negative,v
贊同,2,positive,a
關上,2,negative,n
關鍵,2,positive,n
難上加難,2,negative,vn
嚴肅,2,positive,v
嚴肅,2,negative,v
寶物,2,positive,s
瀰漫,2,negative,n
籌備,2,positive,i
覺悟,2,positive,a
闡述,2,positive,a
爛掉,2,negative,n
纏綿,2,positive,v
纏繞,2,negative,v
護航,2,positive,v
護理,2,positive,v
轟炸,2,negative,v
囉唆,2,negative,a
囉嗦,2,negative,v
歡笑,2,positive,v
歡送,2,positive,n
纖細,2,positive,v
變本加厲,2,negative,v
變態,2,negative,z
驚嚇,2,negative,v
讓步,2,positive,v
讚美,2,positive,a
鬱悶,2,negative,i
一不小心,1,negative,n
一五一十,1,positive,v
一巴掌,1,negative,v
一心一意,1,positive,ns
一律,1,positive,a
一氣之下,1,negative,l
一乾二淨,1,positive,m
一無所有,1,negative,i
一無是處,1,negative,i
一等,1,positive,d
一竅不通,1,negative,i
了當,1,positive,i
二話不說,1,positive,i
人民,1,positive,l
人來人往,1,positive,m
人渣,1,negative,i
人權,1,positive,x
刀割,1,negative,l
十足,1,positive,n
三八,1,negative,i
三心二意,1,negative,n
上進,1,positive,n
下流,1,negative,n
下飯,1,positive,d
乞丐,1,negative,m
乞討,1,negative,i
亡羊補牢,1,negative,v
千金,1,positive,v
口才,1,positive,v
土豪,1,negative,n
大才,1,positive,v
大叫,1,negative,i
大好,1,positive,n
大言不慚,1,negative,n
大型,1,positive,n
大為,1,positive,x
大計,1,positive,v
大師,1,positive,d
大舉,1,negative,i
寸草不生,1,negative,b
小人,1,negative,x
小心謹慎,1,positive,n
小家子氣,1,negative,n
小偷,1,negative,d
小衝突,1,negative,i
小題大作,1,negative,n
不可理喻,1,negative,i
不划算,1,negative,n
不合時宜,1,negative,d
不成器,1,negative,nr
不利,1,negative,i
不吝,1,positive,i
不妙,1,negative,l
不忍,1,positive,i
不忠,1,negative,l
不爭,1,positive,a
不知所云,1,negative,a
不能容忍,1,negative,a
不起眼,1,negative,v
不得體,1,negative,v
不惜,1,positive,n
不符,1,negative,i
不堪入耳,1,negative,l
不經,1,negative,l
不置可否,1,negative,d
不道德,1,negative,v
不對,1,negative,v
不懂,1,negative,i
不禮貌,1,negative,d
不關,1,negative,i
不顧一切,1,negative,i
丑角,1,negative,d
中邪,1,negative,p
中肯,1,positive,d
中看,1,positive,v
中傷,1,negative,i
予取予求,1,negative,v
仁至義盡,1,positive,i
仇人,1,negative,n
允諾,1,positive,n
內耗,1,negative,nz
內斂,1,positive,x
公私分明,1,positive,n
分工,1,positive,i
分明,1,positive,i
勾引,1,negative,n
勾搭,1,negative,v
升起,1,positive,n
及時,1,positive,v
友好,1,positive,n
友善,1,positive,vn
反派,1,negative,v
反常,1,negative,v
天才,1,positive,v
天分,1,positive,v
天使,1,positive,c
天南地北,1,negative,a
天翻地覆,1,positive,a
太閒,1,negative,v
太遲,1,negative,d
少不了,1,positive,n
巴不得,1,positive,n
巴望,1,positive,n
引領,1,positive,ns
心如刀割,1,negative,i
心安理得,1,positive,n
心有餘悸,1,negative,x
心有餘悸,1,negative,l
心血,1,positive,l
心急如焚,1,negative,nr
心細,1,positive,v
心虛,1,negative,i
心滿意足,1,positive,i
手法,1,negative,i
支離破碎,1,negative,i
日有所思,1,positive,n
欠缺,1,negative,i
欠揍,1,negative,a
欠錢,1,negative,n
歹,1,negative,i
比肩,1,positive,n
毛病,1,negative,i
毛骨悚然,1,negative,i
水汪汪,1,positive,v
火熱,1,positive,v
世界末日,1,negative,v
主導,1,positive,n
乏味,1,negative,d
代溝,1,negative,n
代價,1,negative,i
令人信服,1,positive,z
令人窒息,1,negative,n
令人費解,1,negative,l
以期,1,positive,b
充斥,1,negative,a
充裕,1,positive,n
凹陷,1,negative,n
出乎意料,1,positive,l
出乎意料,1,negative,vn
出氣,1,negative,l
出頭,1,positive,f
功德,1,positive,v
功虧一簣,1,negative,a
加重,1,negative,v
加劇,1,negative,l
加薪,1,positive,l
包辦,1,negative,v
卡住,1,negative,v
古怪,1,negative,n
叮噹,1,positive,i
可取,1,positive,v
可容忍,1,negative,v
可樂,1,positive,nr
外來,1,negative,v
失去知覺,1,negative,nr
失序,1,negative,a
失明,1,negative,v
失約,1,negative,v
失常,1,negative,l
失敗者,1,negative,a
失意,1,negative,f
失業,1,negative,i
失態,1,negative,n
失魂落魄,1,negative,v
左,1,negative,v
平,1,positive,a
平心,1,positive,n
平板,1,positive,v
平緩,1,positive,n
平靜下來,1,positive,n
打人,1,negative,i
打死,1,negative,m
打岔,1,negative,n
打倒,1,negative,a
打動,1,positive,n
打通,1,positive,a
打亂,1,negative,i
打趣,1,positive,n
未定,1,negative,v
本分,1,positive,v
本份,1,positive,v
本事,1,positive,v
正大光明,1,positive,v
正義,1,positive,v
永久,1,positive,v
永生,1,positive,d
永恆,1,positive,d
瓦解,1,negative,x
甘之如飴,1,positive,r
生情,1,positive,nz
生變,1,negative,n
用不著,1,negative,d
由衷,1,positive,b
白眼,1,negative,z
皮毛,1,negative,v
交情,1,positive,i
交惡,1,negative,n
仰望,1,positive,v
仰賴,1,negative,x
任勞任怨,1,positive,d
任意,1,positive,n
任意,1,negative,n
伎倆,1,negative,n
先導,1,positive,n
光明正大,1,positive,v
光顧,1,positive,v
全力以赴,1,positive,i
全知全能,1,positive,v
再生,1,positive,v
劣根性,1,negative,n
危機,1,negative,n
合作,1,positive,i
同仇敵愾,1,positive,v
同感,1,positive,i
名氣,1,positive,n
回味,1,positive,v
回絕,1,negative,n
回禮,1,positive,n
地道,1,positive,vn
多才多藝,1,positive,i
多數,1,positive,n
多樣,1,positive,n
好強,1,positive,v
好辦,1,positive,v
如初,1,positive,v
如魚得水,1,positive,n
安分,1,positive,i
成性,1,negative,m
扣住,1,negative,r
曲解,1,negative,x
有力,1,positive,v
有目共睹,1,positive,t
有名無實,1,negative,i
有利,1,positive,v
有把握,1,positive,n
有效,1,positive,v
有效率,1,positive,n
有病,1,negative,n
有理,1,positive,l
有權,1,positive,i
死亡,1,negative,a
死不瞑目,1,negative,l
死刑,1,negative,a
死灰復燃,1,negative,n
死氣沉沉,1,negative,x
死掉,1,negative,vn
死魚,1,negative,n
死腦筋,1,negative,v
汙辱,1,negative,i
老二,1,negative,v
老大,1,negative,i
老子,1,negative,z
肉麻,1,negative,v
自主,1,positive,x
自立自強,1,positive,n
自行,1,positive,vn
自作,1,negative,nr
自命,1,negative,a
自居,1,negative,n
自得其樂,1,positive,n
自憐,1,negative,v
至寶,1,positive,i
舛,1,negative,r
色情,1,negative,vn
血淋淋,1,negative,vn
行不通,1,negative,v
串通,1,negative,i
似,1,negative,v
似是而非,1,negative,nz
低沉,1,negative,zg
低聲下氣,1,negative,n
佔用,1,negative,z
作夢,1,negative,v
作廢,1,negative,vn
作繭自縛,1,negative,d
免除,1,positive,i
冷冰冰,1,negative,a
冷冷,1,negative,l
冷言冷語,1,negative,v
冷笑,1,negative,n
冷清,1,negative,v
冷嘲熱諷,1,negative,i
判斷力,1,positive,v
吝嗇,1,negative,nr
否,1,negative,a
含情脈脈,1,positive,i
含淚,1,negative,nr
含蓄,1,positive,nr
含蓄,1,negative,i
吵吵,1,negative,n
吵擾,1,negative,a
吸引力,1,positive,zg
吹毛求疵,1,negative,i
吹拂,1,positive,n
吼叫,1,negative,n
告誡,1,negative,n
困在,1,negative,v
困苦,1,negative,v
困頓,1,negative,n
坐享其成,1,negative,i
夾帶,1,negative,v
妒嫉,1,positive,v
妖豔,1,positive,v
妖豔,1,negative,x
妥當,1,positive,an
妨礙,1,negative,v
孝子,1,positive,i
完好,1,positive,n
屁用,1,negative,v
岌岌可危,1,negative,a
形影不離,1,positive,a
彷徨,1,negative,a
忌妒,1,positive,v
忌妒,1,negative,n
忌諱,1,negative,a
志向,1,positive,n
忘我,1,positive,i
快刀斬亂麻,1,positive,i
快快樂樂,1,positive,v
快活,1,positive,v
快活,1,negative,v
快感,1,positive,v
我操,1,negative,n
戒除,1,positive,v
批,1,negative,i
批判,1,negative,i
找碴,1,negative,d
技巧,1,positive,d
技能,1,positive,a
把柄,1,negative,x
把頭,1,negative,v
抑鬱,1,negative,q
投機,1,positive,v
投機,1,negative,v
抖,1,positive,n
抗戰,1,positive,n
抗議,1,negative,n
折斷,1,negative,v
攻讀,1,positive,a
杞人憂天,1,negative,n
束手,1,negative,n
束手無策,1,negative,zg
每況愈下,1,negative,nz
求饒,1,negative,nz
決斷,1,positive,v
沈浸,1,negative,v
沈淪,1,negative,i
沈溺,1,negative,v
沈默不語,1,negative,i
沉寂,1,positive,l
沉寂,1,negative,v
沉悶,1,negative,v
沉溺,1,negative,n
沉穩,1,positive,nz
沐浴,1,positive,n
沒把握,1,negative,nr
沒到,1,negative,a
沒品,1,negative,a
沒得,1,negative,a
沒說的,1,positive,v
沒輒,1,negative,a
牢,1,positive,v
牢籠,1,negative,l
狂怒,1,negative,v
狂喜,1,positive,x
狂想,1,positive,v
秀,1,positive,l
秀麗,1,positive,x
私,1,negative,a
私心,1,negative,n
良好,1,positive,v
良言,1,positive,a
良善,1,positive,n
良藥,1,positive,ag
見怪,1,negative,a
見識,1,positive,ag
言不由衷,1,negative,n
赤裸,1,positive,a
赤裸裸,1,positive,n
赤裸裸,1,negative,a
走開,1,negative,n
身教,1,positive,v
身無分文,1,negative,v
辛酸,1,negative,i
防備,1,positive,z
並肩,1,positive,z
事故,1,negative,z
享樂,1,negative,v
佳,1,positive,n
來者不拒,1,positive,i
依依,1,positive,nz
依稀,1,negative,v
兒戲,1,negative,d
兩難,1,negative,n
具體,1,positive,v
制服,1,negative,a
刺痛,1,negative,i
刻苦,1,positive,z
刻苦,1,negative,d
卑躬屈膝,1,negative,n
卑賤,1,negative,n
取笑,1,negative,a
受害,1,negative,v
受歡迎,1,positive,v
呵,1,negative,v
命中,1,positive,v
命令,1,negative,i
咆哮,1,negative,a
和善,1,positive,v
和煦,1,positive,v
咒,1,negative,v
奇葩,1,positive,y
奉,1,positive,v
奔流,1,positive,n
委婉,1,positive,v
委婉,1,negative,nr
孤,1,negative,nr
孤孤單單,1,negative,v
孤寂,1,negative,n
孤僻,1,negative,v
居高臨下,1,positive,v
延期,1,negative,a
承,1,positive,a
抱負,1,positive,a
抵抗,1,positive,z
抵抗,1,negative,a
抵消,1,negative,a
拆散,1,negative,i
拉不下臉,1,negative,v
拉緊,1,negative,v
拉雜,1,negative,v
拖延,1,negative,vn
拖拉,1,negative,vn
拘泥,1,negative,v
拘謹,1,positive,v
拘謹,1,negative,l
放火,1,negative,v
放逐,1,negative,v
放晴,1,positive,v
放蕩,1,negative,nz
明目張膽,1,positive,n
明目張膽,1,negative,a
明朗,1,positive,a
明細,1,positive,v
明智,1,positive,v
昏昏欲睡,1,negative,v
昏倒,1,negative,v
易,1,positive,i
易怒,1,negative,i
服從,1,positive,nr
果,1,positive,ad
果決,1,positive,nr
欣慰,1,positive,l
武,1,positive,v
武裝,1,negative,a
歧視,1,negative,nr
沸騰,1,positive,v
油,1,negative,ng
沽名釣譽,1,negative,ad
法律,1,positive,v
泛,1,negative,n
注目,1,positive,n
注重,1,positive,v
狀元,1,positive,v
狗眼,1,negative,n
玩弄,1,negative,i
直勾勾,1,negative,n
知恩,1,positive,v
糾紛,1,negative,n
肥胖,1,negative,v
芥蒂,1,negative,n
花心,1,negative,n
花朵,1,positive,v
花言巧語,1,negative,z
芳,1,positive,v
虎頭蛇尾,1,negative,n
長存,1,positive,a
長於,1,positive,nrt
阻撓,1,negative,n
亮,1,positive,n
侵犯,1,negative,i
侵襲,1,negative,nr
侷限,1,negative,i
促成,1,positive,n
俏皮,1,positive,d
俗,1,negative,v
保健,1,positive,v
保障,1,positive,v
信不過,1,negative,v
信義,1,positive,n
信賴,1,positive,v
前所未有,1,positive,a
前衛,1,positive,a
勇,1,positive,nr
勇往直前,1,positive,v
勇於,1,positive,v
厚重,1,positive,n
厚實,1,positive,n
叛逆,1,negative,i
品行,1,positive,n
品味,1,positive,n
垮掉,1,negative,i
姣好,1,positive,v
威力,1,negative,a
客氣,1,positive,a
客觀,1,positive,v
很醜,1,negative,n
後果,1,negative,n
後悔莫及,1,negative,v
後進,1,negative,z
後顧之憂,1,negative,n
怒火中燒,1,negative,n
怒髮衝冠,1,negative,n
急性,1,negative,m
怨天尤人,1,negative,n
恨不得,1,positive,i
恨鐵不成鋼,1,negative,v
恰,1,positive,i
拜金,1,negative,i
拜讀,1,positive,i
指控,1,negative,n
指導,1,positive,i
挑戰性,1,positive,d
挖空,1,negative,i
施展,1,negative,d
既定,1,positive,n
是非,1,negative,v
枯寂,1,negative,vn
枯燥,1,negative,n
柔弱,1,negative,n
柔情,1,positive,n
柔軟,1,positive,vn
歪理,1,negative,b
毒品,1,negative,v
洋洋,1,positive,v
洋溢,1,positive,a
津津有味,1,positive,a
洶湧,1,positive,a
流出,1,negative,a
流言蜚語,1,negative,v
炸,1,negative,n
狠勁,1,negative,ns
狠毒,1,negative,v
狡猾,1,negative,i
狡辯,1,negative,x
珍珠,1,positive,v
珍視,1,positive,i
相安無事,1,positive,n
相等,1,positive,a
盼,1,positive,an
看不順眼,1,negative,a
看不慣,1,negative,vd
看車,1,positive,n
看得起,1,positive,v
砍掉,1,negative,i
突襲,1,negative,v
紅,1,positive,v
紅包,1,positive,l
紅色,1,positive,v
紅豆,1,positive,x
紅眼,1,negative,v
美女,1,positive,v
美味,1,positive,vn
耍脾氣,1,negative,zg
胡扯,1,negative,n
胡亂,1,negative,n
胡鬧,1,negative,n
致命,1,negative,n
苛刻,1,negative,n
苦工,1,negative,nz
苦命,1,negative,l
苦果,1,negative,v
苦海,1,negative,n
苦悶,1,negative,nr
苦楚,1,negative,v
苦頭,1,negative,a
苦澀,1,negative,n
英姿,1,positive,n
要不得,1,negative,n
要緊,1,positive,n
要緊,1,negative,a
負荷,1,negative,a
迫切,1,negative,n
迫使,1,negative,a
迫害,1,negative,nz
重逢,1,positive,v
重擔,1,positive,v
重擔,1,negative,v
面有難色,1,negative,n
風光,1,positive,a
風吹,1,negative,v
風度翩翩,1,positive,v
風格,1,positive,v
風暴,1,negative,v
飛翔,1,positive,v
食言,1,negative,i
香,1,positive,n
香甜,1,positive,v
乘人之危,1,negative,i
修理,1,positive,n
借重,1,positive,n
兼顧,1,positive,nz
凌遲,1,negative,n
剝奪,1,negative,ns
原封不動,1,positive,nr
唉呀,1,negative,i
埋葬,1,negative,v
害人,1,negative,v
家徒四壁,1,negative,v
展望,1,positive,nr
師長,1,positive,v
弱,1,negative,l
弱智,1,negative,i
徒勞,1,negative,v
恩人,1,positive,n
悄,1,positive,l
悄聲,1,positive,v
悔,1,negative,n
拳打腳踢,1,negative,a
拿手,1,positive,n
挫敗,1,negative,n
捉摸不定,1,negative,nrt
效果,1,positive,d
效率,1,positive,d
旁敲側擊,1,negative,vg
氣死人,1,negative,i
氣急敗壞,1,negative,v
浩瀚,1,positive,v
浪,1,negative,i
浪蕩,1,negative,n
浮,1,negative,n
浮淺,1,negative,i
消瘦,1,negative,n
涉世不深,1,negative,i
烙印,1,negative,a
特色,1,positive,n
留意,1,positive,v
疼惜,1,positive,v
病人,1,negative,n
病懨懨,1,negative,a
益友,1,positive,i
真心誠意,1,positive,n
真理,1,positive,n
破滅,1,negative,v
破綻百出,1,negative,v
破舊,1,negative,n
祕密,1,negative,z
祝賀,1,positive,nr
神不知鬼不覺,1,negative,i
神速,1,positive,n
神經質,1,negative,v
笑顏,1,positive,i
紊亂,1,negative,z
純淨,1,positive,n
缺少,1,negative,nr
缺席,1,negative,i
缺陷,1,negative,n
耿直,1,positive,n
臭屁,1,negative,n
臭罵,1,negative,a
茫茫,1,negative,a
草率,1,negative,v
荒蕪,1,negative,n
衷心,1,positive,v
討人厭,1,negative,nr
討喜,1,positive,n
訓練,1,positive,v
財富,1,positive,z
迷人,1,positive,n
迷上,1,positive,a
迷茫,1,negative,n
迷惑,1,negative,i
迷糊,1,negative,x
追根究底,1,positive,vn
追逐,1,negative,n
退化,1,negative,n
退步,1,negative,v
退縮,1,negative,z
酒醉,1,negative,v
陣痛,1,negative,a
除掉,1,negative,n
馬的,1,negative,v
高手,1,positive,v
高尚,1,positive,v
高強度,1,positive,v
高階,1,positive,v
高階,1,positive,n
高潮,1,positive,v
高檔,1,positive,n
鬥爭,1,positive,uj
鬥爭,1,negative,n
鬼迷心竅,1,positive,n
鬼混,1,negative,n
鬼話,1,negative,nr
假的,1,negative,nr
偏見,1,negative,nr
偏差,1,negative,b
偏激,1,negative,vn
偕老,1,positive,vn
做得好,1,positive,i
停業,1,negative,nr
停滯,1,negative,n
健忘,1,negative,n
健談,1,positive,uj
偽善,1,negative,v
動用,1,negative,n
動怒,1,negative,v
唱反調,1,negative,v
問心無愧,1,positive,v
基礎薄弱,1,negative,v
堅守,1,positive,v
堅韌,1,positive,a
堅實,1,positive,v
奢望,1,positive,x
婆婆媽媽,1,negative,n
寂靜,1,positive,v
寄情,1,positive,l
密謀,1,negative,i
專屬,1,positive,l
崎嶇,1,negative,v
庸俗,1,negative,a
強壯,1,positive,ad
強者,1,positive,a
強悍,1,positive,n
得救,1,positive,a
得罪,1,negative,n
得寵,1,negative,n
得體,1,positive,n
從容,1,positive,a
悠長,1,positive,a
悠哉,1,positive,a
情不自禁,1,positive,n
情份,1,positive,a
情義,1,positive,v
情誼,1,positive,v
惆,1,negative,v
惜,1,positive,a
惜,1,negative,v
捲土重來,1,negative,z
排除,1,negative,a
排擠,1,negative,i
掛心,1,negative,n
掛念,1,negative,n
探索,1,positive,n
推動,1,positive,a
推翻,1,negative,nr
救濟,1,positive,nr
敗筆,1,negative,l
教誨,1,positive,v
教養,1,positive,v
殺死,1,negative,v
殺氣,1,negative,v
毫不在乎,1,negative,v
涼,1,negative,v
淡薄,1,negative,v
淪落,1,negative,n
深沉,1,positive,n
深度,1,positive,v
深省,1,positive,n
深淵,1,negative,v
深造,1,positive,n
深遠,1,positive,l
混,1,negative,v
混血,1,negative,a
淹沒,1,negative,v
清一色,1,positive,a
清純,1,positive,ns
清除,1,positive,ns
清淡,1,positive,ns
清淡,1,negative,v
清澈,1,positive,a
清算,1,negative,v
清潔,1,positive,v
爽口,1,positive,v
猛烈,1,negative,i
猛然,1,negative,a
猛擊,1,negative,v
猜疑,1,negative,a
率,1,positive,a
率,1,negative,a
率先,1,positive,v
現世報,1,negative,a
理虧,1,negative,vn
甜甜蜜蜜,1,positive,a
異議,1,negative,d
盛怒,1,negative,v
盛情,1,positive,v
眷顧,1,positive,v
眷顧,1,negative,v
眼熟,1,positive,d
笨豬,1,negative,n
粗,1,negative,v
粗心,1,negative,z
粗暴,1,negative,n
粗線條,1,negative,nr
紮實,1,positive,n
累贅,1,negative,v
細長,1,positive,v
細膩,1,positive,a
絆倒,1,negative,n
羞辱,1,negative,a
聆聽,1,positive,a
脫口,1,negative,a
處心積慮,1,negative,n
被告,1,negative,a
貪心,1,negative,an
貪圖,1,positive,n
貪圖,1,negative,a
貪戀,1,positive,v
責任心,1,positive,v
責問,1,negative,v
責備,1,negative,vn
軟綿綿,1,negative,i
逍遙,1,positive,n
透明,1,positive,v
透頂,1,negative,v
透徹,1,positive,v
通才,1,positive,v
通用,1,positive,n
通牒,1,negative,n
造作,1,negative,n
造詣,1,positive,z
連根拔起,1,positive,a
連累,1,negative,v
陰,1,negative,n
陰間,1,negative,v
陳,1,negative,n
魚肉,1,negative,v
麻煩事,1,negative,n
傑,1,positive,vn
割傷,1,negative,n
勝,1,positive,l
勞累,1,negative,a
博愛,1,positive,a
唾棄,1,negative,n
善,1,positive,nr
喚醒,1,positive,n
喜事,1,positive,i
喜新厭舊,1,negative,nr
喜樂,1,positive,v
喪志,1,negative,v
喪鐘,1,negative,vn
單調,1,negative,nr
報仇,1,negative,v
報答,1,positive,v
富,1,positive,v
寒,1,negative,v
寒心,1,negative,i
寒冷,1,negative,ns
復興,1,positive,n
悲,1,negative,n
悲悽,1,negative,n
悶住,1,negative,v
悶悶,1,negative,v
惡劣,1,negative,nr
惡狠狠,1,negative,n
惡習,1,negative,n
惡意,1,negative,a
惡感,1,negative,a
惡質,1,negative,n
惱人,1,negative,a
惱怒,1,negative,v
惶恐,1,negative,a
愉悅,1,positive,a
愣住,1,negative,z
插手,1,negative,v
揚言,1,negative,v
揭發,1,positive,a
揭露,1,negative,n
揮霍,1,negative,a
揮霍無度,1,negative,v
揶揄,1,negative,a
敦促,1,negative,a
斑駁,1,negative,v
景觀,1,positive,v
智慧型,1,positive,nr
智慧型,1,positive,v
最差,1,negative,v
最新,1,positive,v
朝氣,1,positive,i
欺瞞,1,negative,v
殘缺,1,negative,v
渴求,1,positive,z
渺小,1,negative,n
無中生有,1,negative,nr
無可,1,negative,nr
無名,1,negative,a
無地自容,1,negative,d
無私,1,positive,n
無所事事,1,negative,v
無知,1,negative,a
無表情,1,negative,v
無畏,1,positive,a
無病呻吟,1,negative,b
無常,1,negative,v
無理,1,negative,v
無傷大雅,1,negative,i
無暇,1,positive,b
無雙,1,positive,i
無權,1,negative,v
焦灼,1,negative,n
焦急,1,negative,v
猶豫不決,1,negative,i
痛哭流涕,1,negative,d
痞子,1,negative,v
發光,1,positive,i
發育,1,positive,d
發臭,1,negative,m
發起,1,positive,n
發動,1,negative,a
發掘,1,positive,a
發達,1,positive,i
發瘋,1,negative,i
發熱,1,negative,n
盜用,1,negative,v
短路,1,negative,vn
硬性,1,negative,v
硬逼,1,negative,v
稀有,1,positive,vn
稀奇,1,positive,v
窘境,1,negative,v
筆力,1,positive,v
策劃,1,negative,v
結疤,1,negative,v
結識,1,positive,n
絞痛,1,negative,n
舒暢,1,positive,v
舒緩,1,positive,v
菜色,1,negative,a
著急,1,negative,n
虛妄,1,negative,n
虛弱,1,negative,n
虛假,1,negative,n
虛張聲勢,1,negative,n
虛脫,1,negative,n
裂開,1,negative,a
視而不見,1,negative,a
貸,1,negative,n
費時,1,negative,x
費神,1,negative,a
超出,1,negative,a
越氣,1,negative,a
開門見山,1,positive,i
開眼,1,positive,v
開誠佈公,1,positive,v
閒閒,1,negative,i
陽奉陰違,1,negative,v
雄健,1,positive,n
集資,1,positive,n
順,1,positive,v
順眼,1,positive,x
順勢,1,positive,i
順應,1,positive,v
亂成一團,1,negative,n
亂哄哄,1,negative,x
亂說,1,negative,nr
亂講,1,negative,a
傳染,1,negative,n
傳染病,1,negative,p
傷疤,1,negative,d
傷痕,1,negative,n
傷悲,1,negative,v
傷腦筋,1,negative,i
傾心,1,positive,z
勢利眼,1,negative,v
勤,1,positive,v
勤勞,1,positive,vn
塞到,1,negative,n
幹麻,1,negative,n
微不足道,1,negative,n
惹怒,1,negative,a
愁眉苦臉,1,negative,n
意味,1,positive,n
愚昧,1,negative,n
愚痴,1,negative,a
感人,1,positive,a
感染,1,positive,x
感染,1,negative,x
感慨,1,negative,i
感傷,1,negative,v
感激不盡,1,positive,i
愧對,1,negative,n
慈,1,positive,a
慈祥,1,positive,n
搖擺,1,negative,n
搞亂,1,negative,v
搪塞,1,negative,v
搭手,1,positive,v
搶走,1,negative,v
敬酒,1,positive,l
新生,1,positive,v
暈頭轉向,1,negative,nr
暖意,1,positive,nr
暗中,1,negative,v
暗暗,1,negative,v
暗藏,1,negative,v
會心一笑,1,positive,v
楚楚可憐,1,positive,v
業障,1,negative,v
極致,1,positive,n
殿堂,1,positive,i
毀約,1,negative,n
毀掉,1,negative,d
毀損,1,negative,d
準,1,positive,v
溫存,1,positive,l
溫情,1,positive,nr
溫馴,1,positive,n
滑稽,1,positive,d
滑稽,1,negative,n
煞車,1,negative,v
照實,1,positive,v
煩人,1,negative,v
煩心,1,negative,v
煩死,1,negative,n
煩悶,1,negative,n
痴情,1,positive,nr
碎片,1,negative,a
碰運氣,1,negative,a
碰撞,1,negative,n
禁錮,1,negative,d
罪孽,1,negative,a
義,1,positive,a
肆虐,1,negative,a
肆意,1,negative,a
萬惡,1,negative,n
萬無一失,1,positive,n
萬歲,1,positive,l
落入,1,negative,v
落伍,1,negative,v
落後,1,negative,n
落後,1,negative,ng
裝傻,1,negative,v
解氣,1,negative,d
解救,1,positive,n
誇,1,positive,i
誇說,1,positive,m
誇讚,1,positive,v
誠,1,positive,n
誠心誠意,1,positive,a
誠意,1,positive,a
資助,1,positive,v
資源,1,positive,v
躲避,1,negative,v
較量,1,negative,v
逼近,1,negative,v
達,1,positive,nrt
違背,1,negative,a
酬勞,1,positive,i
隔閡,1,negative,a
雷同,1,negative,n
預祝,1,positive,n
預設,1,positive,v
頑固,1,negative,d
頑強,1,positive,v
頑強,1,negative,zg
鼓吹,1,negative,v
鼓舞,1,positive,v
厭,1,negative,n
團聚,1,positive,nr
境界,1,positive,v
嫩,1,negative,vn
實用,1,positive,a
對得起,1,negative,a
嶄新,1,positive,a
慘死,1,negative,v
慘淡,1,positive,v
慘淡,1,negative,zg
慘絕人寰,1,negative,v
慟哭,1,negative,n
慢性,1,negative,a
摔倒,1,negative,v
摻雜,1,negative,v
槍斃,1,negative,b
歌唱,1,positive,v
滿口,1,positive,z
滿面春風,1,positive,z
滿堂彩,1,positive,i
漆黑,1,negative,v
漠不關心,1,negative,b
漣漪,1,positive,v
漸入佳境,1,positive,v
澈底,1,positive,v
熊,1,negative,n
犒賞,1,positive,ns
瑣碎,1,negative,nz
疑心,1,negative,i
盡孝,1,positive,z
睿智,1,positive,l
福音,1,positive,n
稱心如意,1,positive,i
稱羨,1,positive,nr
端詳,1,positive,nr
管我,1,negative,v
精,1,positive,a
精美,1,positive,n
精英,1,positive,v
精疲力盡,1,negative,a
精確,1,positive,n
精緻,1,positive,i
緊湊,1,positive,v
蒼白,1,negative,v
蜜,1,positive,vn
認輸,1,negative,r
誓言,1,positive,n
誣賴,1,negative,a
誤,1,negative,n
誤解,1,negative,i
說不過去,1,negative,a
說白了,1,positive,a
說來話長,1,negative,a
說服力,1,positive,z
說教,1,negative,n
豪語,1,positive,vn
豪邁,1,positive,n
趕出,1,negative,v
趕盡殺絕,1,negative,v
輔佐,1,positive,v
輔助,1,positive,l
輕而易舉,1,positive,l
輕輕地,1,positive,l
輕薄,1,negative,l
遠去,1,negative,v
遠點,1,negative,n
銘刻,1,positive,a
魂牽夢縈,1,positive,v
齊,1,positive,i
僵,1,negative,v
僵局,1,negative,vn
僵硬,1,negative,i
劇痛,1,negative,z
嘴硬,1,negative,a
嘻嘻,1,positive,t
增強,1,positive,n
增進,1,positive,n
嬌羞,1,negative,l
寬,1,positive,a
寬敞,1,positive,n
寬闊,1,positive,n
嶙峋,1,negative,a
廢寢忘食,1,positive,n
廣博,1,positive,a
彈性,1,positive,z
慰問,1,positive,v
摯,1,positive,v
撐著,1,negative,a
撕毀,1,negative,a
撕碎,1,negative,a
撫養,1,positive,a
撮合,1,positive,z
敵人,1,negative,i
暴雨,1,negative,ns
暴發出來,1,negative,n
樂此不疲,1,positive,v
樂於,1,positive,zg
樂於,1,positive,v
樂園,1,positive,n
模範,1,positive,v
毅然,1,positive,v
潦草,1,negative,v
熱,1,positive,v
獎賞,1,positive,n
獎學金,1,positive,n
確,1,positive,l
碼的,1,negative,i
窮人,1,negative,v
窮困潦倒,1,negative,v
罵名,1,negative,n
衝出,1,negative,n
衝勁,1,positive,d
衝破,1,positive,a
誹謗,1,negative,zg
調劑,1,positive,v
談笑,1,positive,n
談笑風生,1,positive,d
賠錢,1,negative,n
賦予,1,positive,uj
賭注,1,negative,n
賭錢,1,negative,i
趣事,1,positive,v
踐行,1,positive,v
適切,1,positive,a
適度,1,positive,vn
適當,1,positive,v
遷怒,1,negative,n
震,1,negative,vn
震動,1,negative,i
餓死,1,negative,v
餘裕,1,positive,v
駑鈍,1,negative,v
鬧大,1,negative,v
鬧彆扭,1,negative,n
鬧翻,1,negative,v
冀望,1,positive,a
冀望,1,negative,a
凝重,1,positive,a
凝重,1,negative,v
戰爭,1,negative,v
戰勝,1,positive,vn
戰戰兢兢,1,negative,v
擁擠,1,negative,nr
整齊,1,positive,a
整潔,1,positive,x
曇花一現,1,negative,z
樸實,1,positive,v
橋樑,1,positive,nr
機械式,1,negative,nr
激昂,1,positive,v
激怒,1,negative,v
激戰,1,negative,n
濃厚,1,positive,n
濃烈,1,negative,i
熾熱,1,positive,v
燈塔,1,positive,d
獨一無二,1,positive,a
獨立自主,1,positive,i
窺探,1,negative,a
翱翔,1,positive,n
興致勃勃,1,positive,n
諱言,1,negative,a
輸家,1,negative,a
遲疑,1,negative,v
遺棄,1,negative,a
遺漏,1,negative,a
鋼鐵,1,positive,a
錐心,1,negative,n
錯字,1,negative,i
錯怪,1,negative,i
錯亂,1,negative,v
險峻,1,negative,v
頭皮發麻,1,negative,i
頭頭是道,1,positive,v
頹喪,1,negative,n
默許,1,positive,d
優柔寡斷,1,negative,v
嚇一跳,1,negative,n
嚇了一跳,1,negative,n
嚇壞,1,negative,n
戲劇化,1,positive,n
擊敗,1,negative,n
擊潰,1,negative,n
擦傷,1,negative,a
濫,1,negative,n
燦,1,positive,l
癌,1,negative,a
癌症,1,negative,d
糙,1,negative,i
糜爛,1,negative,v
糞土,1,negative,v
繁雜,1,negative,v
聯合,1,positive,n
聯合,1,negative,v
膽小,1,negative,v
臆,1,negative,v
臆測,1,negative,v
臉紅,1,positive,a
臨死,1,negative,zg
舉棋不定,1,negative,n
艱,1,negative,zg
艱苦,1,positive,v
艱苦,1,negative,n
艱鉅,1,negative,a
薄弱,1,negative,v
講理,1,positive,v
謝意,1,positive,a
謠言,1,negative,v
避重就輕,1,negative,v
避諱,1,negative,n
醜,1,negative,v
醜惡,1,negative,i
醜態,1,negative,a
醜醜,1,negative,a
隱形,1,negative,a
點破,1,positive,a
點綴,1,positive,a
點醒,1,positive,n
擴大,1,positive,v
斷掉,1,negative,n
斷然,1,positive,i
歸還,1,positive,v
禮遇,1,positive,zg
翻新,1,positive,a
覆轍,1,negative,n
謬論,1,negative,n
豐厚,1,positive,n
豐盛,1,positive,v
蹣跚,1,negative,v
闖入,1,negative,v
雜亂,1,negative,v
雜質,1,negative,v
雞巴,1,negative,d
離鄉,1,negative,v
離題,1,negative,n
鬆垮,1,negative,v
鬆散,1,negative,n
鬆懈,1,negative,n
懷,1,positive,a
爆滿,1,positive,a
瓊瑤,1,positive,v
礙事,1,positive,v
礙事,1,negative,n
穩,1,positive,n
穩重,1,positive,n
藝術,1,positive,v
贊助,1,positive,n
辭呈,1,negative,v
邋遢,1,negative,v
關在,1,negative,a
關愛,1,positive,v
難以捉摸,1,negative,v
難吃,1,negative,nr
難事,1,negative,v
難處,1,negative,v
願景,1,positive,a
騙子,1,negative,a
騙局,1,negative,n
龐大,1,negative,v
勸告,1,negative,v
嚴苛,1,negative,a
嚴重事故,1,negative,v
寶,1,positive,v
寶寶,1,positive,i
獻寶,1,positive,a
覺醒,1,positive,n
觸礁,1,negative,d
警報,1,negative,x
饒,1,positive,n
饒,1,negative,n
囂張,1,negative,a
屬實,1,positive,v
灌輸,1,negative,a
爛漫,1,positive,i
爛戲,1,negative,nr
蠢笨,1,negative,nr
蠢蛋,1,negative,nrt
躊躇,1,positive,v
躊躇,1,negative,n
辯駁,1,negative,n
辯論,1,negative,v
霸氣,1,positive,v
顧及,1,positive,a
魔力,1,positive,v
儼然,1,positive,vn
囊括,1,positive,z
權威,1,positive,x
權益,1,positive,a
歡度,1,positive,n
聽天由命,1,negative,v
顫抖,1,negative,v
髒亂,1,negative,v
變卦,1,negative,n
變空,1,negative,n
變動,1,negative,v
變黑,1,negative,n
變臉,1,negative,v
顯赫,1,positive,v
驚人,1,negative,nr
驚恐,1,negative,n
驚悚,1,negative,ns
體察,1,positive,i
矗立,1,positive,v
羈絆,1,negative,n
蠶食鯨吞,1,negative,v
靈敏,1,positive,vn
靈驗,1,positive,vn
蠻不講理,1,negative,v
讚不絕口,1,positive,v
讚譽,1,positive,a
